{
	"class_name" : "PinholeCameraParameters",
	"extrinsic" : 
	[
		0.4731711919589644,
		-0.66788511408709383,
		0.57448977143288005,
		0.0,
		-0.87999511596083591,
		-0.32764768214810586,
		0.34388310843664455,
		0.0,
		-0.041444167083054539,
		-0.66826377334391218,
		-0.74276908272419928,
		0.0,
		-0.71603535438157773,
		-0.01961024942343359,
		6.3337787748236529,
		1.0
	],
	"intrinsic" : 
	{
		"height" : 1080,
		"intrinsic_matrix" : 
		[
			935.30743608719376,
			0.0,
			0.0,
			0.0,
			935.30743608719376,
			0.0,
			959.5,
			539.5,
			1.0
		],
		"width" : 1920
	},
	"version_major" : 1,
	"version_minor" : 0
}