{
	"class_name" : "PinholeCameraParameters",
	"extrinsic" : 
	[
		0.94619610822720146,
		0.28589660451375765,
		-0.15157854829494247,
		0.0,
		0.3233537772600642,
		-0.81731161062626134,
		0.47691096220065593,
		0.0,
		0.012460317305226561,
		-0.50026479254791734,
		-0.86578281215882458,
		0.0,
		-0.022741980746337737,
		-0.31820237327224055,
		7.4660928535028965,
		1.0
	],
	"intrinsic" : 
	{
		"height" : 1080,
		"intrinsic_matrix" : 
		[
			935.30743608719376,
			0.0,
			0.0,
			0.0,
			935.30743608719376,
			0.0,
			959.5,
			539.5,
			1.0
		],
		"width" : 1920
	},
	"version_major" : 1,
	"version_minor" : 0
}