{
	"class_name" : "PinholeCameraParameters",
	"extrinsic" : 
	[
		0.9969988199523192,
		-0.070285927320574038,
		-0.03245368136853221,
		0.0,
		-0.037639842223582999,
		-0.80641344383378377,
		0.59015303090090188,
		0.0,
		-0.067650537995399621,
		-0.58716032395319773,
		-0.80663880311085279,
		0.0,
		-0.46013934138470086,
		0.097912914466545153,
		7.2856044581208419,
		1.0
	],
	"intrinsic" : 
	{
		"height" : 1080,
		"intrinsic_matrix" : 
		[
			935.30743608719376,
			0.0,
			0.0,
			0.0,
			935.30743608719376,
			0.0,
			959.5,
			539.5,
			1.0
		],
		"width" : 1920
	},
	"version_major" : 1,
	"version_minor" : 0
}