{
	"class_name" : "PinholeCameraParameters",
	"extrinsic" : 
	[
		0.86843591271502196,
		-0.32710214889246703,
		0.37258992162531357,
		0.0,
		-0.47437246746064848,
		-0.329637339101366,
		0.81627813077741285,
		0.0,
		-0.14418678033066312,
		-0.88563164400336414,
		-0.4414371569292459,
		0.0,
		1.2290953155346316,
		-0.36406500703339706,
		0.63270394912881334,
		1.0
	],
	"intrinsic" : 
	{
		"height" : 1080,
		"intrinsic_matrix" : 
		[
			935.30743608719376,
			0.0,
			0.0,
			0.0,
			935.30743608719376,
			0.0,
			959.5,
			539.5,
			1.0
		],
		"width" : 1920
	},
	"version_major" : 1,
	"version_minor" : 0
}