{
	"class_name" : "PinholeCameraParameters",
	"extrinsic" : 
	[
		0.52837547823852127,
		-0.20701292392998843,
		0.82338630260781664,
		0.0,
		-0.84897652620613484,
		-0.12011241225472091,
		0.51459874307397613,
		0.0,
		-0.0076296754307202249,
		-0.97093699988635151,
		-0.239213566305327,
		0.0,
		1.6415940633177726,
		-0.79062624758878508,
		1.3497959499893455,
		1.0
	],
	"intrinsic" : 
	{
		"height" : 1080,
		"intrinsic_matrix" : 
		[
			935.30743608719376,
			0.0,
			0.0,
			0.0,
			935.30743608719376,
			0.0,
			959.5,
			539.5,
			1.0
		],
		"width" : 1920
	},
	"version_major" : 1,
	"version_minor" : 0
}