{
	"class_name" : "PinholeCameraParameters",
	"extrinsic" : 
	[
		0.58527891561598555,
		0.45007906285738009,
		-0.67444601571422957,
		0.0,
		0.80775632499663086,
		-0.25126471069304585,
		0.53328769401541365,
		0.0,
		0.07055714253931733,
		-0.85691007832663668,
		-0.51061414717859488,
		0.0,
		-2.0483668232629904,
		0.061026645553508008,
		1.2353117453140505,
		1.0
	],
	"intrinsic" : 
	{
		"height" : 1080,
		"intrinsic_matrix" : 
		[
			935.30743608719376,
			0.0,
			0.0,
			0.0,
			935.30743608719376,
			0.0,
			959.5,
			539.5,
			1.0
		],
		"width" : 1920
	},
	"version_major" : 1,
	"version_minor" : 0
}