{
	"class_name" : "PinholeCameraParameters",
	"extrinsic" : 
	[
		0.72150770600361758,
		-0.66684392917250401,
		0.18640226474797414,
		0.0,
		-0.6178706542514435,
		-0.49856516099798376,
		0.60800381154557559,
		0.0,
		-0.31250997550844772,
		-0.55385192458348553,
		-0.7717419004063979,
		0.0,
		-0.16416296226565774,
		0.17305510609954888,
		6.4815993554109124,
		1.0
	],
	"intrinsic" : 
	{
		"height" : 1080,
		"intrinsic_matrix" : 
		[
			935.30743608719376,
			0.0,
			0.0,
			0.0,
			935.30743608719376,
			0.0,
			959.5,
			539.5,
			1.0
		],
		"width" : 1920
	},
	"version_major" : 1,
	"version_minor" : 0
}