{
	"class_name" : "PinholeCameraParameters",
	"extrinsic" : 
	[
		-0.50804390395226062,
		0.70669791365866319,
		-0.49241187078241622,
		0.0,
		0.8466569766619445,
		0.30465716781314461,
		-0.43629803342409079,
		0.0,
		-0.15831410400403961,
		-0.6385625019765615,
		-0.75310993589437669,
		0.0,
		-0.21174239314589005,
		-0.0734600397317271,
		7.0005066600277956,
		1.0
	],
	"intrinsic" : 
	{
		"height" : 1080,
		"intrinsic_matrix" : 
		[
			935.30743608719376,
			0.0,
			0.0,
			0.0,
			935.30743608719376,
			0.0,
			959.5,
			539.5,
			1.0
		],
		"width" : 1920
	},
	"version_major" : 1,
	"version_minor" : 0
}