{
	"class_name" : "PinholeCameraParameters",
	"extrinsic" : 
	[
		0.96440788200020233,
		0.031493251959941668,
		-0.26253687782266238,
		0.0,
		0.2620481791798574,
		0.018827022605372105,
		0.96487112870493652,
		0.0,
		0.035329717298688952,
		-0.99932663243846587,
		0.0099041796626616538,
		0.0,
		-0.53958531685260669,
		-0.64567505834648897,
		0.43747172187422301,
		1.0
	],
	"intrinsic" : 
	{
		"height" : 1080,
		"intrinsic_matrix" : 
		[
			935.30743608719376,
			0.0,
			0.0,
			0.0,
			935.30743608719376,
			0.0,
			959.5,
			539.5,
			1.0
		],
		"width" : 1920
	},
	"version_major" : 1,
	"version_minor" : 0
}