{
	"class_name" : "PinholeCameraParameters",
	"extrinsic" : 
	[
		0.055122732684205741,
		0.7377664225802617,
		-0.6728017464710897,
		0.0,
		0.99793539979770418,
		-0.062951180672703791,
		0.012731326816522335,
		0.0,
		-0.032960918858886384,
		-0.67211446537404296,
		-0.73971327097933193,
		0.0,
		0.39576943389772079,
		0.23425386243699986,
		4.7996181660590551,
		1.0
	],
	"intrinsic" : 
	{
		"height" : 1080,
		"intrinsic_matrix" : 
		[
			935.30743608719376,
			0.0,
			0.0,
			0.0,
			935.30743608719376,
			0.0,
			959.5,
			539.5,
			1.0
		],
		"width" : 1920
	},
	"version_major" : 1,
	"version_minor" : 0
}