{
	"class_name" : "PinholeCameraParameters",
	"extrinsic" : 
	[
		-0.04784104495347772,
		0.83916493385305069,
		-0.54176881435642321,
		0.0,
		0.99878040379092203,
		0.046816503447855345,
		-0.015681836887300262,
		0.0,
		0.012204073951032332,
		-0.54185831062771583,
		-0.84038124192694574,
		0.0,
		-0.35859393162079506,
		0.044062609268356923,
		5.6622159627915556,
		1.0
	],
	"intrinsic" : 
	{
		"height" : 1080,
		"intrinsic_matrix" : 
		[
			935.30743608719376,
			0.0,
			0.0,
			0.0,
			935.30743608719376,
			0.0,
			959.5,
			539.5,
			1.0
		],
		"width" : 1920
	},
	"version_major" : 1,
	"version_minor" : 0
}