{
	"class_name" : "PinholeCameraParameters",
	"extrinsic" : 
	[
		-0.35270281029982564,
		0.34801741618788368,
		-0.86861073308848469,
		0.0,
		0.93511526927304367,
		0.16487902982003375,
		-0.31364683753866829,
		0.0,
		0.034061132967189364,
		-0.92287528060703516,
		-0.38358969702727636,
		0.0,
		-1.2092588862627269,
		0.55213177395862001,
		4.0312056917001398,
		1.0
	],
	"intrinsic" : 
	{
		"height" : 1080,
		"intrinsic_matrix" : 
		[
			935.30743608719376,
			0.0,
			0.0,
			0.0,
			935.30743608719376,
			0.0,
			959.5,
			539.5,
			1.0
		],
		"width" : 1920
	},
	"version_major" : 1,
	"version_minor" : 0
}