{
	"class_name" : "PinholeCameraParameters",
	"extrinsic" : 
	[
		0.91712296168113094,
		-0.10571203742049835,
		0.38433115707894178,
		0.0,
		-0.39156524168774542,
		-0.058528364416018851,
		0.91828704230257086,
		0.0,
		-0.074579720160701621,
		-0.99267285431968622,
		-0.09507086639743316,
		0.0,
		0.80728723047627016,
		-0.49506638420291865,
		0.32201974361442731,
		1.0
	],
	"intrinsic" : 
	{
		"height" : 1080,
		"intrinsic_matrix" : 
		[
			935.30743608719376,
			0.0,
			0.0,
			0.0,
			935.30743608719376,
			0.0,
			959.5,
			539.5,
			1.0
		],
		"width" : 1920
	},
	"version_major" : 1,
	"version_minor" : 0
}