{
	"class_name" : "PinholeCameraParameters",
	"extrinsic" : 
	[
		0.48271757430896178,
		0.34963633038891023,
		-0.80295590160696173,
		0.0,
		0.87183999615993846,
		-0.1050211410299226,
		0.47839897683064886,
		0.0,
		0.082938317737403983,
		-0.93098066382119349,
		-0.35552248739276604,
		0.0,
		-2.5594539105895127,
		-0.1019862594371197,
		1.8687632284555067,
		1.0
	],
	"intrinsic" : 
	{
		"height" : 1080,
		"intrinsic_matrix" : 
		[
			935.30743608719376,
			0.0,
			0.0,
			0.0,
			935.30743608719376,
			0.0,
			959.5,
			539.5,
			1.0
		],
		"width" : 1920
	},
	"version_major" : 1,
	"version_minor" : 0
}