{
	"class_name" : "PinholeCameraParameters",
	"extrinsic" : 
	[
		0.94611239059640551,
		-0.071409576222374732,
		-0.31586708721184553,
		0.0,
		0.29065870636272034,
		-0.2428231595765647,
		0.92550225801388741,
		0.0,
		-0.14278956816064925,
		-0.96743867278344586,
		-0.20898218495245055,
		0.0,
		-0.75019862866111664,
		0.4944072668600572,
		0.35479401119054887,
		1.0
	],
	"intrinsic" : 
	{
		"height" : 1080,
		"intrinsic_matrix" : 
		[
			935.30743608719376,
			0.0,
			0.0,
			0.0,
			935.30743608719376,
			0.0,
			959.5,
			539.5,
			1.0
		],
		"width" : 1920
	},
	"version_major" : 1,
	"version_minor" : 0
}