{
	"class_name" : "PinholeCameraParameters",
	"extrinsic" : 
	[
		-0.93865482722245974,
		0.32348952104921225,
		-0.11950583710984822,
		0.0,
		0.3448390475320231,
		0.8840873679768152,
		-0.31539745890072507,
		0.0,
		0.0036258280683775642,
		-0.33725962633434009,
		-0.94140469396303739,
		0.0,
		-0.6148952158223312,
		-0.16398944336470844,
		5.713371820248577,
		1.0
	],
	"intrinsic" : 
	{
		"height" : 1080,
		"intrinsic_matrix" : 
		[
			935.30743608719376,
			0.0,
			0.0,
			0.0,
			935.30743608719376,
			0.0,
			959.5,
			539.5,
			1.0
		],
		"width" : 1920
	},
	"version_major" : 1,
	"version_minor" : 0
}