{
	"class_name" : "PinholeCameraParameters",
	"extrinsic" : 
	[
		0.83862183822883551,
		0.34543942458095328,
		-0.42117100611375047,
		0.0,
		0.5390599933530893,
		-0.6374202487606847,
		0.55055403916058432,
		0.0,
		-0.078279856999462841,
		-0.68874308012135166,
		-0.72076711465847065,
		0.0,
		-1.0803368103283195,
		0.94722202283246615,
		1.6159521561189119,
		1.0
	],
	"intrinsic" : 
	{
		"height" : 1080,
		"intrinsic_matrix" : 
		[
			935.30743608719376,
			0.0,
			0.0,
			0.0,
			935.30743608719376,
			0.0,
			959.5,
			539.5,
			1.0
		],
		"width" : 1920
	},
	"version_major" : 1,
	"version_minor" : 0
}