{
	"class_name" : "PinholeCameraParameters",
	"extrinsic" : 
	[
		0.85120563467108823,
		-0.25995164719773745,
		0.45593213159786528,
		0.0,
		-0.51767135958193344,
		-0.55886886155713877,
		0.64782864945170526,
		0.0,
		0.086402146806562136,
		-0.78745840315600846,
		-0.61028184663006868,
		0.0,
		0.67219224464971006,
		-0.43484772218822121,
		0.7235820603260289,
		1.0
	],
	"intrinsic" : 
	{
		"height" : 1080,
		"intrinsic_matrix" : 
		[
			935.30743608719376,
			0.0,
			0.0,
			0.0,
			935.30743608719376,
			0.0,
			959.5,
			539.5,
			1.0
		],
		"width" : 1920
	},
	"version_major" : 1,
	"version_minor" : 0
}