{
	"class_name" : "PinholeCameraParameters",
	"extrinsic" : 
	[
		0.027860830105928849,
		0.81449219787019012,
		-0.57950516283670483,
		0.0,
		0.99951705207108132,
		-0.014716814114557702,
		0.02736928938523947,
		0.0,
		0.013763602905634683,
		-0.57998782314019726,
		-0.81450886320785454,
		0.0,
		-0.37492787835462776,
		0.45936353172623212,
		5.2140830663031394,
		1.0
	],
	"intrinsic" : 
	{
		"height" : 1080,
		"intrinsic_matrix" : 
		[
			935.30743608719376,
			0.0,
			0.0,
			0.0,
			935.30743608719376,
			0.0,
			959.5,
			539.5,
			1.0
		],
		"width" : 1920
	},
	"version_major" : 1,
	"version_minor" : 0
}